status,val_loss,learning_rate,dropout,emb_dim,hidden_dim,rnn_type
Success,2.602797031402588,0.003,0.4,128,512,RNN
Success,3.20695424079895,0.001,0.2,128,256,RNN
Success,2.545320987701416,0.003,0.3,128,512,RNN
Success,3.175401449203491,0.0005,0.2,256,512,RNN
Success,3.505812883377075,0.0005,0.4,128,256,RNN
Success,3.0252530574798584,0.001,0.3,256,512,RNN
