status,val_loss,learning_rate,dropout,emb_dim,hidden_dim,rnn_type
Success,3.1872894763946533,0.003,0.4,128,512,RNN
Success,2.8213131427764893,0.001,0.2,128,256,RNN
Success,3.209036350250244,0.003,0.3,128,512,RNN
Success,3.2514748573303223,0.003,0.4,128,512,GRU
Success,2.866063117980957,0.001,0.2,128,256,GRU
Success,3.2863762378692627,0.003,0.3,128,512,GRU
Success,2.8446249961853027,0.003,0.4,128,512,LSTM
Success,2.8400299549102783,0.001,0.2,128,256,LSTM
Success,2.8417916297912598,0.003,0.3,128,512,LSTM
