{
    "experiment": "TUNE_WORD_COARSE_1",
    "rnn_type": "LSTM",
    "bidirectional": true,
    "epochs": 4,
    "patience": 3,
    "min_delta": 0.0001,
    "lr": 0.001,
    "warmup_epochs": 1,
    "weight_decay": 0.0001,
    "dropout": 0.2,
    "emb_dim": 256,
    "hidden_dim": 1024,
    "batch_size": 128,
    "grad_accum_steps": 4,
    "clip": 1.0,
    "tf_start": 1.0,
    "tf_end": 0.3,
    "tf_decay_mode": "linear",
    "attention_type": "none",
    "token_type": "word",
    "embedding_source": "scratch",
    "freeze_emb": false,
    "src_lang": "en",
    "trg_lang": "de",
    "resume": true,
    "precision": "auto",
    "train_time": 80.5,
    "best_val_loss": 7.182518005371094,
    "val_loss": 7.182518005371094,
    "epochs_trained": 1,
    "loss_history": {
        "train": [
            6.908497333526611,
            5.885467529296875,
            5.923812389373779,
            6.91623592376709
        ],
        "val": [
            7.182518005371094,
            7.469351291656494,
            8.030904769897461,
            8.987719535827637
        ],
        "lr": [
            0.0002,
            0.001,
            0.0007525,
            0.00025750000000000013
        ],
        "tf_ratio": [
            1.0,
            0.7666666666666667,
            0.5333333333333334,
            0.30000000000000004
        ]
    },
    "hardware_precision": "bf16",
    "gpu_name": "NVIDIA GeForce RTX 4090",
    "vram_model_mb": 681.24,
    "vram_gradients_mb": 681.24,
    "vram_optimizer_mb": 1362.48,
    "vram_activations_mb": 9962.95,
    "vram_allocated_mb": 5010.27,
    "vram_reserved_mb": 15954.0,
    "vram_peak_mb": 12687.92,
    "vram_peak_gb": 15.58
}