{
    "experiment": "TUNE_WORD_COARSE_8",
    "rnn_type": "GRU",
    "bidirectional": false,
    "epochs": 5,
    "patience": 3,
    "min_delta": 0.0001,
    "lr": 0.0003,
    "warmup_epochs": 1,
    "weight_decay": 0.0001,
    "dropout": 0.4,
    "emb_dim": 512,
    "hidden_dim": 1024,
    "batch_size": 128,
    "grad_accum_steps": 4,
    "clip": 1.0,
    "tf_start": 1.0,
    "tf_end": 0.7,
    "tf_decay_mode": "linear",
    "attention_type": "none",
    "token_type": "word",
    "embedding_source": "scratch",
    "freeze_emb": false,
    "src_lang": "en",
    "trg_lang": "de",
    "resume": true,
    "precision": "auto",
    "train_time": 481.0,
    "best_val_loss": 7.645403861999512,
    "val_loss": 7.645403861999512,
    "epochs_trained": 5,
    "loss_history": {
        "train": [
            7.0812578201293945,
            5.606660842895508,
            4.911075592041016,
            4.642366886138916,
            4.591971397399902
        ],
        "val": [
            8.037642478942871,
            8.16089153289795,
            8.073607444763184,
            7.92764949798584,
            7.645403861999512
        ],
        "lr": [
            5.9999999999999995e-05,
            0.0003,
            0.00025753048327204934,
            0.00015499999999999995,
            5.2469516727950605e-05
        ],
        "tf_ratio": [
            1.0,
            0.925,
            0.85,
            0.7749999999999999,
            0.7
        ]
    },
    "hardware_precision": "bf16",
    "gpu_name": "NVIDIA GeForce RTX 4090",
    "vram_model_mb": 686.09,
    "vram_gradients_mb": 686.09,
    "vram_optimizer_mb": 1372.19,
    "vram_activations_mb": 9536.18,
    "vram_allocated_mb": 5029.67,
    "vram_reserved_mb": 16146.0,
    "vram_peak_mb": 12280.55,
    "vram_peak_gb": 15.768
}