{
    "experiment": "TUNE_WORD_FINE_1",
    "rnn_type": "LSTM",
    "bidirectional": false,
    "epochs": 6,
    "patience": 3,
    "min_delta": 0.0001,
    "lr": 0.0005,
    "warmup_epochs": 1,
    "weight_decay": 0.0001,
    "dropout": 0.2,
    "emb_dim": 256,
    "hidden_dim": 1024,
    "batch_size": 128,
    "grad_accum_steps": 4,
    "clip": 1.0,
    "tf_start": 1.0,
    "tf_end": 0.7,
    "tf_decay_mode": "linear",
    "attention_type": "none",
    "token_type": "word",
    "embedding_source": "word2vec",
    "freeze_emb": true,
    "src_lang": "en",
    "trg_lang": "de",
    "resume": true,
    "precision": "auto",
    "train_time": 107.6,
    "best_val_loss": 6.865093231201172,
    "val_loss": 6.865093231201172,
    "epochs_trained": 1,
    "loss_history": {
        "train": [
            7.059716701507568,
            6.104722023010254,
            5.403573036193848,
            5.070559501647949
        ],
        "val": [
            6.865093231201172,
            7.878311634063721,
            7.964402675628662,
            7.862851142883301
        ],
        "lr": [
            0.0001,
            0.0005,
            0.00045320916362186214,
            0.00033070916362186215
        ],
        "tf_ratio": [
            1.0,
            0.94,
            0.88,
            0.82
        ]
    },
    "hardware_precision": "bf16",
    "gpu_name": "NVIDIA GeForce RTX 4090",
    "vram_model_mb": 603.24,
    "vram_gradients_mb": 456.81,
    "vram_optimizer_mb": 913.61,
    "vram_activations_mb": 10004.15,
    "vram_allocated_mb": 4034.59,
    "vram_reserved_mb": 16896.0,
    "vram_peak_mb": 11977.81,
    "vram_peak_gb": 16.5
}