{
    "experiment": "WORD_A4",
    "rnn_type": "GRU",
    "bidirectional": true,
    "epochs": 6,
    "patience": 3,
    "min_delta": 0.0001,
    "lr": 0.0003,
    "warmup_epochs": 1,
    "weight_decay": 0.0001,
    "dropout": 0.3,
    "emb_dim": 256,
    "hidden_dim": 256,
    "batch_size": 128,
    "grad_accum_steps": 4,
    "clip": 1.0,
    "tf_start": 1.0,
    "tf_end": 0.7,
    "tf_decay_mode": "linear",
    "attention_type": "none",
    "token_type": "word",
    "embedding_source": "scratch",
    "freeze_emb": false,
    "src_lang": "en",
    "trg_lang": "de",
    "resume": true,
    "precision": "auto",
    "train_time": 51.4,
    "best_val_loss": 6.9062676429748535,
    "val_loss": 6.9062676429748535,
    "epochs_trained": 1,
    "loss_history": {
        "train": [
            8.540030479431152,
            6.492757797241211,
            6.018725395202637,
            5.69797420501709
        ],
        "val": [
            6.9062676429748535,
            7.028062343597412,
            7.375023365020752,
            7.37680196762085
        ],
        "lr": [
            5.9999999999999995e-05,
            0.0003,
            0.0002723074641843674,
            0.00019980746418436736
        ],
        "tf_ratio": [
            1.0,
            0.94,
            0.88,
            0.82
        ]
    },
    "hardware_precision": "bf16",
    "gpu_name": "NVIDIA GeForce RTX 4090",
    "vram_model_mb": 224.27,
    "vram_gradients_mb": 224.27,
    "vram_optimizer_mb": 448.54,
    "vram_activations_mb": 7284.78,
    "vram_allocated_mb": 2962.52,
    "vram_reserved_mb": 13310.0,
    "vram_peak_mb": 8181.86,
    "vram_peak_gb": 12.998,
    "bleu": 0.0,
    "Target Metric (BLEU)": 0.0,
    "bleu_score": 0.0,
    "overall_corpus_bleu": 0.0,
    "meteor": 0.0359,
    "mean_meteor": 0.0359
}