{
    "experiment": "WORD_C2",
    "rnn_type": "LSTM",
    "bidirectional": false,
    "epochs": 6,
    "patience": 3,
    "min_delta": 0.0001,
    "lr": 0.0001,
    "warmup_epochs": 1,
    "weight_decay": 0.0001,
    "dropout": 0.2,
    "emb_dim": 300,
    "hidden_dim": 512,
    "batch_size": 128,
    "grad_accum_steps": 4,
    "clip": 1.0,
    "tf_start": 1.0,
    "tf_end": 0.7,
    "tf_decay_mode": "linear",
    "attention_type": "none",
    "token_type": "word",
    "embedding_source": "word2vec",
    "freeze_emb": true,
    "src_lang": "en",
    "trg_lang": "de",
    "resume": true,
    "precision": "auto",
    "train_time": 114.7,
    "best_val_loss": 6.801467418670654,
    "val_loss": 6.801467418670654,
    "epochs_trained": 2,
    "loss_history": {
        "train": [
            9.201273918151855,
            6.6955084800720215,
            6.583460807800293,
            6.537142753601074,
            6.494147300720215
        ],
        "val": [
            7.099431991577148,
            6.801467418670654,
            6.825048446655273,
            6.846207618713379,
            6.8492817878723145
        ],
        "lr": [
            2e-05,
            0.0001,
            9.140576474687264e-05,
            6.890576474687263e-05,
            4.1094235253127366e-05
        ],
        "tf_ratio": [
            1.0,
            0.94,
            0.88,
            0.82,
            0.76
        ]
    },
    "hardware_precision": "bf16",
    "gpu_name": "NVIDIA GeForce RTX 4090",
    "vram_model_mb": 351.4,
    "vram_gradients_mb": 204.97,
    "vram_optimizer_mb": 409.94,
    "vram_activations_mb": 4062.92,
    "vram_allocated_mb": 2108.33,
    "vram_reserved_mb": 13908.0,
    "vram_peak_mb": 5029.23,
    "vram_peak_gb": 13.582,
    "bleu": 0.02,
    "Target Metric (BLEU)": 0.02,
    "bleu_score": 0.02,
    "overall_corpus_bleu": 0.02,
    "meteor": 0.0693,
    "mean_meteor": 0.0693
}