{
    "experiment": "TUNE_WORD_COARSE_7",
    "rnn_type": "GRU",
    "bidirectional": false,
    "epochs": 5,
    "patience": 3,
    "min_delta": 0.0001,
    "lr": 0.0005,
    "warmup_epochs": 1,
    "weight_decay": 0.0001,
    "dropout": 0.2,
    "emb_dim": 512,
    "hidden_dim": 512,
    "batch_size": 128,
    "grad_accum_steps": 4,
    "clip": 1.0,
    "tf_start": 1.0,
    "tf_end": 0.7,
    "tf_decay_mode": "linear",
    "attention_type": "none",
    "token_type": "word",
    "embedding_source": "scratch",
    "freeze_emb": false,
    "src_lang": "en",
    "trg_lang": "de",
    "resume": true,
    "precision": "auto",
    "train_time": 57.7,
    "best_val_loss": 6.982452392578125,
    "val_loss": 6.982452392578125,
    "epochs_trained": 1,
    "loss_history": {
        "train": [
            7.2215962409973145,
            5.594165325164795,
            4.842049598693848,
            4.569828987121582
        ],
        "val": [
            6.982452392578125,
            8.1404390335083,
            8.095743179321289,
            7.946747779846191
        ],
        "lr": [
            0.0001,
            0.0005,
            0.0004282411613907041,
            0.000255
        ],
        "tf_ratio": [
            1.0,
            0.925,
            0.85,
            0.7749999999999999
        ]
    },
    "hardware_precision": "bf16",
    "gpu_name": "NVIDIA GeForce RTX 4090",
    "vram_model_mb": 450.17,
    "vram_gradients_mb": 450.17,
    "vram_optimizer_mb": 900.34,
    "vram_activations_mb": 3899.94,
    "vram_allocated_mb": 2898.74,
    "vram_reserved_mb": 14080.0,
    "vram_peak_mb": 5700.63,
    "vram_peak_gb": 13.75
}