{
    "experiment": "TUNE_WORD_FINE_6",
    "rnn_type": "LSTM",
    "bidirectional": false,
    "epochs": 6,
    "patience": 3,
    "min_delta": 0.0001,
    "lr": 0.0001,
    "warmup_epochs": 1,
    "weight_decay": 0.0001,
    "dropout": 0.3,
    "emb_dim": 512,
    "hidden_dim": 256,
    "batch_size": 128,
    "grad_accum_steps": 4,
    "clip": 1.0,
    "tf_start": 1.0,
    "tf_end": 0.7,
    "tf_decay_mode": "linear",
    "attention_type": "none",
    "token_type": "word",
    "embedding_source": "word2vec",
    "freeze_emb": true,
    "src_lang": "en",
    "trg_lang": "de",
    "resume": true,
    "precision": "auto",
    "train_time": 365.7,
    "best_val_loss": 6.8177876472473145,
    "val_loss": 6.8177876472473145,
    "epochs_trained": 4,
    "loss_history": {
        "train": [
            10.245516777038574,
            6.9969048500061035,
            6.724086284637451,
            6.662086486816406,
            6.623420238494873,
            6.599993705749512
        ],
        "val": [
            8.615734100341797,
            6.836030960083008,
            6.822906494140625,
            6.8177876472473145,
            6.824865341186523,
            6.828582763671875
        ],
        "lr": [
            2e-05,
            0.0001,
            9.140576474687264e-05,
            6.890576474687263e-05,
            4.1094235253127366e-05,
            1.8594235253127368e-05
        ],
        "tf_ratio": [
            1.0,
            0.94,
            0.88,
            0.82,
            0.76,
            0.7
        ]
    },
    "hardware_precision": "bf16",
    "gpu_name": "NVIDIA GeForce RTX 4090",
    "vram_model_mb": 245.92,
    "vram_gradients_mb": 99.49,
    "vram_optimizer_mb": 198.98,
    "vram_activations_mb": 4424.51,
    "vram_allocated_mb": 1769.85,
    "vram_reserved_mb": 14330.0,
    "vram_peak_mb": 4968.89,
    "vram_peak_gb": 13.994
}