{
    "experiment": "TUNE_WORD_COARSE_1",
    "rnn_type": "LSTM",
    "bidirectional": true,
    "epochs": 5,
    "patience": 3,
    "min_delta": 0.0001,
    "lr": 0.0005,
    "warmup_epochs": 1,
    "weight_decay": 0.0001,
    "dropout": 0.2,
    "emb_dim": 256,
    "hidden_dim": 1024,
    "batch_size": 128,
    "grad_accum_steps": 4,
    "clip": 1.0,
    "tf_start": 1.0,
    "tf_end": 0.3,
    "tf_decay_mode": "linear",
    "attention_type": "none",
    "token_type": "word",
    "embedding_source": "scratch",
    "freeze_emb": false,
    "src_lang": "en",
    "trg_lang": "de",
    "resume": true,
    "precision": "auto",
    "train_time": 80.4,
    "best_val_loss": 6.87431526184082,
    "val_loss": 6.87431526184082,
    "epochs_trained": 1,
    "loss_history": {
        "train": [
            7.06899356842041,
            5.9133501052856445,
            5.418262004852295,
            5.491703987121582
        ],
        "val": [
            6.87431526184082,
            7.453107833862305,
            6.959819316864014,
            6.973506450653076
        ],
        "lr": [
            0.0001,
            0.0005,
            0.0004282411613907041,
            0.000255
        ],
        "tf_ratio": [
            1.0,
            0.825,
            0.65,
            0.4750000000000001
        ]
    },
    "hardware_precision": "bf16",
    "gpu_name": "NVIDIA GeForce RTX 4090",
    "vram_model_mb": 681.24,
    "vram_gradients_mb": 681.24,
    "vram_optimizer_mb": 1362.48,
    "vram_activations_mb": 3094.54,
    "vram_allocated_mb": 3383.32,
    "vram_reserved_mb": 16134.0,
    "vram_peak_mb": 5819.51,
    "vram_peak_gb": 15.756
}