{
    "experiment": "WORD_C4",
    "rnn_type": "LSTM",
    "bidirectional": false,
    "epochs": 6,
    "patience": 3,
    "min_delta": 0.0001,
    "lr": 0.0001,
    "warmup_epochs": 1,
    "weight_decay": 0.0001,
    "dropout": 0.2,
    "emb_dim": 300,
    "hidden_dim": 512,
    "batch_size": 128,
    "grad_accum_steps": 4,
    "clip": 1.0,
    "tf_start": 1.0,
    "tf_end": 0.7,
    "tf_decay_mode": "linear",
    "attention_type": "bahdanau",
    "token_type": "word",
    "embedding_source": "word2vec",
    "freeze_emb": true,
    "src_lang": "en",
    "trg_lang": "de",
    "resume": true,
    "precision": "auto",
    "train_time": 204.4,
    "best_val_loss": 7.02419376373291,
    "val_loss": 7.02419376373291,
    "epochs_trained": 1,
    "loss_history": {
        "train": [
            9.136909484863281,
            7.272822380065918,
            8.046955108642578,
            8.661018371582031
        ],
        "val": [
            7.02419376373291,
            7.858642101287842,
            8.733230590820312,
            9.351288795471191
        ],
        "lr": [
            2e-05,
            0.0001,
            9.140576474687264e-05,
            6.890576474687263e-05
        ],
        "tf_ratio": [
            1.0,
            0.94,
            0.88,
            0.82
        ]
    },
    "hardware_precision": "bf16",
    "gpu_name": "NVIDIA GeForce RTX 4090",
    "vram_model_mb": 533.28,
    "vram_gradients_mb": 386.85,
    "vram_optimizer_mb": 773.7,
    "vram_activations_mb": 4504.44,
    "vram_allocated_mb": 2835.86,
    "vram_reserved_mb": 14518.0,
    "vram_peak_mb": 6198.27,
    "vram_peak_gb": 14.178,
    "bleu": 0.0,
    "Target Metric (BLEU)": 0.0,
    "bleu_score": 0.0,
    "overall_corpus_bleu": 0.0,
    "meteor": 0.0359,
    "mean_meteor": 0.0359
}