{
    "experiment": "TUNE_WORD_COARSE_11",
    "rnn_type": "RNN",
    "bidirectional": false,
    "epochs": 5,
    "patience": 3,
    "min_delta": 0.0001,
    "lr": 0.0005,
    "warmup_epochs": 1,
    "weight_decay": 0.0001,
    "dropout": 0.3,
    "emb_dim": 128,
    "hidden_dim": 256,
    "batch_size": 128,
    "grad_accum_steps": 4,
    "clip": 1.0,
    "tf_start": 1.0,
    "tf_end": 0.7,
    "tf_decay_mode": "linear",
    "attention_type": "none",
    "token_type": "word",
    "embedding_source": "scratch",
    "freeze_emb": false,
    "src_lang": "en",
    "trg_lang": "de",
    "resume": true,
    "precision": "auto",
    "train_time": 46.8,
    "best_val_loss": 6.863200664520264,
    "val_loss": 6.863200664520264,
    "epochs_trained": 1,
    "loss_history": {
        "train": [
            7.955520153045654,
            6.284893035888672,
            5.81381893157959,
            5.664651870727539
        ],
        "val": [
            6.863200664520264,
            7.624500274658203,
            7.851948261260986,
            7.751152038574219
        ],
        "lr": [
            0.0001,
            0.0005,
            0.0004282411613907041,
            0.000255
        ],
        "tf_ratio": [
            1.0,
            0.925,
            0.85,
            0.7749999999999999
        ]
    },
    "hardware_precision": "bf16",
    "gpu_name": "NVIDIA GeForce RTX 4090",
    "vram_model_mb": 152.52,
    "vram_gradients_mb": 152.52,
    "vram_optimizer_mb": 305.03,
    "vram_activations_mb": 3792.1,
    "vram_allocated_mb": 1708.11,
    "vram_reserved_mb": 13100.0,
    "vram_peak_mb": 4402.16,
    "vram_peak_gb": 12.793
}