{
    "experiment": "TUNE_WORD_COARSE_10",
    "rnn_type": "RNN",
    "bidirectional": false,
    "epochs": 5,
    "patience": 3,
    "min_delta": 0.0001,
    "lr": 0.001,
    "warmup_epochs": 1,
    "weight_decay": 0.0001,
    "dropout": 0.4,
    "emb_dim": 256,
    "hidden_dim": 256,
    "batch_size": 128,
    "grad_accum_steps": 4,
    "clip": 1.0,
    "tf_start": 1.0,
    "tf_end": 0.7,
    "tf_decay_mode": "linear",
    "attention_type": "none",
    "token_type": "word",
    "embedding_source": "scratch",
    "freeze_emb": false,
    "src_lang": "en",
    "trg_lang": "de",
    "resume": true,
    "precision": "auto",
    "train_time": 47.6,
    "best_val_loss": 7.05526065826416,
    "val_loss": 7.05526065826416,
    "epochs_trained": 1,
    "loss_history": {
        "train": [
            7.31671142578125,
            5.8745222091674805,
            5.430292129516602,
            5.3067522048950195
        ],
        "val": [
            7.05526065826416,
            8.389933586120605,
            8.431049346923828,
            8.286314964294434
        ],
        "lr": [
            0.0002,
            0.001,
            0.000855017856687341,
            0.000505
        ],
        "tf_ratio": [
            1.0,
            0.925,
            0.85,
            0.7749999999999999
        ]
    },
    "hardware_precision": "bf16",
    "gpu_name": "NVIDIA GeForce RTX 4090",
    "vram_model_mb": 215.24,
    "vram_gradients_mb": 215.24,
    "vram_optimizer_mb": 430.48,
    "vram_activations_mb": 3793.68,
    "vram_allocated_mb": 1959.02,
    "vram_reserved_mb": 12724.0,
    "vram_peak_mb": 4654.65,
    "vram_peak_gb": 12.426
}