{
    "experiment": "WORD_B5",
    "rnn_type": "LSTM",
    "bidirectional": false,
    "epochs": 6,
    "patience": 3,
    "min_delta": 0.0001,
    "lr": 0.0001,
    "warmup_epochs": 1,
    "weight_decay": 0.0001,
    "dropout": 0.2,
    "emb_dim": 300,
    "hidden_dim": 512,
    "batch_size": 128,
    "grad_accum_steps": 4,
    "clip": 1.0,
    "tf_start": 1.0,
    "tf_end": 0.7,
    "tf_decay_mode": "linear",
    "attention_type": "none",
    "token_type": "word",
    "embedding_source": "glove",
    "freeze_emb": true,
    "src_lang": "en",
    "trg_lang": "de",
    "resume": true,
    "precision": "auto",
    "train_time": 119.4,
    "best_val_loss": 6.8441548347473145,
    "val_loss": 6.8441548347473145,
    "epochs_trained": 2,
    "loss_history": {
        "train": [
            9.29458236694336,
            6.674452781677246,
            6.435378551483154,
            6.212433338165283,
            6.07678747177124
        ],
        "val": [
            7.12632417678833,
            6.8441548347473145,
            7.046978950500488,
            7.2905402183532715,
            7.22653341293335
        ],
        "lr": [
            2e-05,
            0.0001,
            9.140576474687264e-05,
            6.890576474687263e-05,
            4.1094235253127366e-05
        ],
        "tf_ratio": [
            1.0,
            0.94,
            0.88,
            0.82,
            0.76
        ]
    },
    "hardware_precision": "bf16",
    "gpu_name": "NVIDIA GeForce RTX 4090",
    "vram_model_mb": 351.4,
    "vram_gradients_mb": 351.4,
    "vram_optimizer_mb": 702.8,
    "vram_activations_mb": 4064.46,
    "vram_allocated_mb": 2547.62,
    "vram_reserved_mb": 13930.0,
    "vram_peak_mb": 5470.05,
    "vram_peak_gb": 13.604,
    "bleu": 0.0,
    "Target Metric (BLEU)": 0.0,
    "bleu_score": 0.0,
    "overall_corpus_bleu": 0.0,
    "meteor": 0.0631,
    "mean_meteor": 0.0631
}