{
    "experiment": "TUNE_WORD_COARSE_9",
    "rnn_type": "RNN",
    "bidirectional": false,
    "epochs": 5,
    "patience": 3,
    "min_delta": 0.0001,
    "lr": 0.001,
    "warmup_epochs": 1,
    "weight_decay": 0.0001,
    "dropout": 0.3,
    "emb_dim": 512,
    "hidden_dim": 1024,
    "batch_size": 128,
    "grad_accum_steps": 4,
    "clip": 1.0,
    "tf_start": 1.0,
    "tf_end": 0.7,
    "tf_decay_mode": "linear",
    "attention_type": "none",
    "token_type": "word",
    "embedding_source": "scratch",
    "freeze_emb": false,
    "src_lang": "en",
    "trg_lang": "de",
    "resume": true,
    "precision": "auto",
    "train_time": 70.2,
    "best_val_loss": 8.150923728942871,
    "val_loss": 8.150923728942871,
    "epochs_trained": 1,
    "loss_history": {
        "train": [
            6.322494983673096,
            5.287636756896973,
            4.824828624725342,
            4.592962741851807
        ],
        "val": [
            8.150923728942871,
            9.13348388671875,
            8.887295722961426,
            8.82541561126709
        ],
        "lr": [
            0.0002,
            0.001,
            0.000855017856687341,
            0.000505
        ],
        "tf_ratio": [
            1.0,
            0.925,
            0.85,
            0.7749999999999999
        ]
    },
    "hardware_precision": "bf16",
    "gpu_name": "NVIDIA GeForce RTX 4090",
    "vram_model_mb": 630.03,
    "vram_gradients_mb": 630.03,
    "vram_optimizer_mb": 1260.06,
    "vram_activations_mb": 3970.37,
    "vram_allocated_mb": 3618.17,
    "vram_reserved_mb": 15026.0,
    "vram_peak_mb": 6490.49,
    "vram_peak_gb": 14.674
}