{
    "experiment": "TUNE_WORD_FINE_4",
    "rnn_type": "LSTM",
    "bidirectional": false,
    "epochs": 6,
    "patience": 3,
    "min_delta": 0.0001,
    "lr": 0.0005,
    "warmup_epochs": 1,
    "weight_decay": 0.0001,
    "dropout": 0.3,
    "emb_dim": 128,
    "hidden_dim": 1024,
    "batch_size": 128,
    "grad_accum_steps": 4,
    "clip": 1.0,
    "tf_start": 1.0,
    "tf_end": 0.7,
    "tf_decay_mode": "linear",
    "attention_type": "none",
    "token_type": "word",
    "embedding_source": "word2vec",
    "freeze_emb": true,
    "src_lang": "en",
    "trg_lang": "de",
    "resume": true,
    "precision": "auto",
    "train_time": 106.3,
    "best_val_loss": 6.856712818145752,
    "val_loss": 6.856712818145752,
    "epochs_trained": 1,
    "loss_history": {
        "train": [
            7.064784526824951,
            6.203559398651123,
            5.537426471710205,
            5.19866943359375
        ],
        "val": [
            6.856712818145752,
            7.957712173461914,
            7.94594669342041,
            7.917489528656006
        ],
        "lr": [
            0.0001,
            0.0005,
            0.00045320916362186214,
            0.00033070916362186215
        ],
        "tf_ratio": [
            1.0,
            0.94,
            0.88,
            0.82
        ]
    },
    "hardware_precision": "bf16",
    "gpu_name": "NVIDIA GeForce RTX 4090",
    "vram_model_mb": 598.94,
    "vram_gradients_mb": 452.51,
    "vram_optimizer_mb": 905.02,
    "vram_activations_mb": 9920.62,
    "vram_allocated_mb": 4017.41,
    "vram_reserved_mb": 17236.0,
    "vram_peak_mb": 11877.1,
    "vram_peak_gb": 16.832
}