{
    "experiment": "WORD_B3",
    "rnn_type": "LSTM",
    "bidirectional": false,
    "epochs": 6,
    "patience": 3,
    "min_delta": 0.0001,
    "lr": 0.0001,
    "warmup_epochs": 1,
    "weight_decay": 0.0001,
    "dropout": 0.2,
    "emb_dim": 300,
    "hidden_dim": 512,
    "batch_size": 128,
    "grad_accum_steps": 4,
    "clip": 1.0,
    "tf_start": 1.0,
    "tf_end": 0.7,
    "tf_decay_mode": "linear",
    "attention_type": "none",
    "token_type": "word",
    "embedding_source": "word2vec",
    "freeze_emb": false,
    "src_lang": "en",
    "trg_lang": "de",
    "resume": true,
    "precision": "auto",
    "train_time": 122.8,
    "best_val_loss": 6.804101943969727,
    "val_loss": 6.804101943969727,
    "epochs_trained": 2,
    "loss_history": {
        "train": [
            9.198532104492188,
            6.694581031799316,
            6.582528591156006,
            6.531807899475098,
            6.46058464050293
        ],
        "val": [
            7.100331783294678,
            6.804101943969727,
            6.830301761627197,
            6.853639602661133,
            6.8577561378479
        ],
        "lr": [
            2e-05,
            0.0001,
            9.140576474687264e-05,
            6.890576474687263e-05,
            4.1094235253127366e-05
        ],
        "tf_ratio": [
            1.0,
            0.94,
            0.88,
            0.82,
            0.76
        ]
    },
    "hardware_precision": "bf16",
    "gpu_name": "NVIDIA GeForce RTX 4090",
    "vram_model_mb": 351.4,
    "vram_gradients_mb": 351.4,
    "vram_optimizer_mb": 702.8,
    "vram_activations_mb": 4064.46,
    "vram_allocated_mb": 2547.62,
    "vram_reserved_mb": 13930.0,
    "vram_peak_mb": 5470.05,
    "vram_peak_gb": 13.604,
    "bleu": 0.02,
    "Target Metric (BLEU)": 0.02,
    "bleu_score": 0.02,
    "overall_corpus_bleu": 0.02,
    "meteor": 0.0658,
    "mean_meteor": 0.0658
}