{
    "experiment": "TUNE_WORD_FINE_9",
    "rnn_type": "LSTM",
    "bidirectional": false,
    "epochs": 6,
    "patience": 3,
    "min_delta": 0.0001,
    "lr": 0.001,
    "warmup_epochs": 1,
    "weight_decay": 0.0001,
    "dropout": 0.2,
    "emb_dim": 256,
    "hidden_dim": 512,
    "batch_size": 128,
    "grad_accum_steps": 4,
    "clip": 1.0,
    "tf_start": 1.0,
    "tf_end": 0.7,
    "tf_decay_mode": "linear",
    "attention_type": "none",
    "token_type": "word",
    "embedding_source": "word2vec",
    "freeze_emb": true,
    "src_lang": "en",
    "trg_lang": "de",
    "resume": true,
    "precision": "auto",
    "train_time": 91.0,
    "best_val_loss": 6.84131383895874,
    "val_loss": 6.84131383895874,
    "epochs_trained": 1,
    "loss_history": {
        "train": [
            7.073549747467041,
            6.14340353012085,
            5.279757499694824,
            4.896341800689697
        ],
        "val": [
            6.84131383895874,
            7.691969871520996,
            7.922497272491455,
            7.87537956237793
        ],
        "lr": [
            0.0002,
            0.001,
            0.000905463412215599,
            0.000657963412215599
        ],
        "tf_ratio": [
            1.0,
            0.94,
            0.88,
            0.82
        ]
    },
    "hardware_precision": "bf16",
    "gpu_name": "NVIDIA GeForce RTX 4090",
    "vram_model_mb": 351.3,
    "vram_gradients_mb": 204.87,
    "vram_optimizer_mb": 409.74,
    "vram_activations_mb": 8084.24,
    "vram_allocated_mb": 3026.84,
    "vram_reserved_mb": 13690.0,
    "vram_peak_mb": 9050.15,
    "vram_peak_gb": 13.369
}