{
    "experiment": "TUNE_WORD_COARSE_12",
    "rnn_type": "RNN",
    "bidirectional": false,
    "epochs": 5,
    "patience": 3,
    "min_delta": 0.0001,
    "lr": 0.0003,
    "warmup_epochs": 1,
    "weight_decay": 0.0001,
    "dropout": 0.4,
    "emb_dim": 128,
    "hidden_dim": 1024,
    "batch_size": 128,
    "grad_accum_steps": 4,
    "clip": 1.0,
    "tf_start": 1.0,
    "tf_end": 0.7,
    "tf_decay_mode": "linear",
    "attention_type": "none",
    "token_type": "word",
    "embedding_source": "scratch",
    "freeze_emb": false,
    "src_lang": "en",
    "trg_lang": "de",
    "resume": true,
    "precision": "auto",
    "train_time": 70.1,
    "best_val_loss": 7.285219192504883,
    "val_loss": 7.285219192504883,
    "epochs_trained": 1,
    "loss_history": {
        "train": [
            7.119740962982178,
            5.961949825286865,
            5.547462463378906,
            5.3871870040893555
        ],
        "val": [
            7.285219192504883,
            8.073548316955566,
            8.32950210571289,
            8.098557472229004
        ],
        "lr": [
            5.9999999999999995e-05,
            0.0003,
            0.00025753048327204934,
            0.00015499999999999995
        ],
        "tf_ratio": [
            1.0,
            0.925,
            0.85,
            0.7749999999999999
        ]
    },
    "hardware_precision": "bf16",
    "gpu_name": "NVIDIA GeForce RTX 4090",
    "vram_model_mb": 439.6,
    "vram_gradients_mb": 439.6,
    "vram_optimizer_mb": 879.2,
    "vram_activations_mb": 3964.51,
    "vram_allocated_mb": 2856.46,
    "vram_reserved_mb": 13842.0,
    "vram_peak_mb": 5722.91,
    "vram_peak_gb": 13.518
}