{
    "experiment": "TUNE_WORD_COARSE_5",
    "rnn_type": "GRU",
    "bidirectional": false,
    "epochs": 5,
    "patience": 3,
    "min_delta": 0.0001,
    "lr": 0.0003,
    "warmup_epochs": 1,
    "weight_decay": 0.0001,
    "dropout": 0.3,
    "emb_dim": 256,
    "hidden_dim": 256,
    "batch_size": 128,
    "grad_accum_steps": 4,
    "clip": 1.0,
    "tf_start": 1.0,
    "tf_end": 0.7,
    "tf_decay_mode": "linear",
    "attention_type": "none",
    "token_type": "word",
    "embedding_source": "scratch",
    "freeze_emb": false,
    "src_lang": "en",
    "trg_lang": "de",
    "resume": true,
    "precision": "auto",
    "train_time": 50.1,
    "best_val_loss": 6.897037029266357,
    "val_loss": 6.897037029266357,
    "epochs_trained": 1,
    "loss_history": {
        "train": [
            8.6218900680542,
            6.474393367767334,
            6.030117988586426,
            5.775594711303711
        ],
        "val": [
            6.897037029266357,
            7.540632724761963,
            7.509536266326904,
            7.4469780921936035
        ],
        "lr": [
            5.9999999999999995e-05,
            0.0003,
            0.00025753048327204934,
            0.00015499999999999995
        ],
        "tf_ratio": [
            1.0,
            0.925,
            0.85,
            0.7749999999999999
        ]
    },
    "hardware_precision": "bf16",
    "gpu_name": "NVIDIA GeForce RTX 4090",
    "vram_model_mb": 219.26,
    "vram_gradients_mb": 219.26,
    "vram_optimizer_mb": 438.52,
    "vram_activations_mb": 3815.06,
    "vram_allocated_mb": 1975.08,
    "vram_reserved_mb": 13284.0,
    "vram_peak_mb": 4692.09,
    "vram_peak_gb": 12.973
}