{
    "experiment": "TUNE_WORD_FINE_3",
    "rnn_type": "LSTM",
    "bidirectional": false,
    "epochs": 6,
    "patience": 3,
    "min_delta": 0.0001,
    "lr": 0.0001,
    "warmup_epochs": 1,
    "weight_decay": 0.0001,
    "dropout": 0.2,
    "emb_dim": 128,
    "hidden_dim": 512,
    "batch_size": 128,
    "grad_accum_steps": 4,
    "clip": 1.0,
    "tf_start": 1.0,
    "tf_end": 0.7,
    "tf_decay_mode": "linear",
    "attention_type": "none",
    "token_type": "word",
    "embedding_source": "word2vec",
    "freeze_emb": true,
    "src_lang": "en",
    "trg_lang": "de",
    "resume": true,
    "precision": "auto",
    "train_time": 182.6,
    "best_val_loss": 6.8084940910339355,
    "val_loss": 6.8084940910339355,
    "epochs_trained": 2,
    "loss_history": {
        "train": [
            9.170134544372559,
            6.667349338531494,
            6.572126865386963,
            6.538214683532715,
            6.517591953277588
        ],
        "val": [
            7.020325660705566,
            6.8084940910339355,
            6.828230381011963,
            6.835272312164307,
            6.831926345825195
        ],
        "lr": [
            2e-05,
            0.0001,
            9.140576474687264e-05,
            6.890576474687263e-05,
            4.1094235253127366e-05
        ],
        "tf_ratio": [
            1.0,
            0.94,
            0.88,
            0.82,
            0.76
        ]
    },
    "hardware_precision": "bf16",
    "gpu_name": "NVIDIA GeForce RTX 4090",
    "vram_model_mb": 349.0,
    "vram_gradients_mb": 202.57,
    "vram_optimizer_mb": 405.15,
    "vram_activations_mb": 4405.44,
    "vram_allocated_mb": 2094.26,
    "vram_reserved_mb": 14220.0,
    "vram_peak_mb": 5362.17,
    "vram_peak_gb": 13.887
}