{
    "experiment": "WORD_C5",
    "rnn_type": "RNN",
    "bidirectional": true,
    "epochs": 6,
    "patience": 3,
    "min_delta": 0.0001,
    "lr": 0.0005,
    "warmup_epochs": 1,
    "weight_decay": 0.0001,
    "dropout": 0.3,
    "emb_dim": 300,
    "hidden_dim": 256,
    "batch_size": 128,
    "grad_accum_steps": 4,
    "clip": 1.0,
    "tf_start": 1.0,
    "tf_end": 0.7,
    "tf_decay_mode": "linear",
    "attention_type": "luong",
    "token_type": "word",
    "embedding_source": "word2vec",
    "freeze_emb": true,
    "src_lang": "en",
    "trg_lang": "de",
    "resume": true,
    "precision": "auto",
    "train_time": 361.3,
    "best_val_loss": 7.407531261444092,
    "val_loss": 7.407531261444092,
    "epochs_trained": 2,
    "loss_history": {
        "train": [
            8.319599151611328,
            9.233955383300781,
            10.433309555053711,
            NaN,
            NaN
        ],
        "val": [
            17.90674591064453,
            7.407531261444092,
            9.652154922485352,
            NaN,
            NaN
        ],
        "lr": [
            0.0001,
            0.0005,
            0.00045320916362186214,
            0.00033070916362186215,
            0.0001792908363781379
        ],
        "tf_ratio": [
            1.0,
            0.94,
            0.88,
            0.82,
            0.76
        ]
    },
    "hardware_precision": "bf16",
    "gpu_name": "NVIDIA GeForce RTX 4090",
    "vram_model_mb": 415.73,
    "vram_gradients_mb": 269.3,
    "vram_optimizer_mb": 538.6,
    "vram_activations_mb": 3655.59,
    "vram_allocated_mb": 2233.74,
    "vram_reserved_mb": 13230.0,
    "vram_peak_mb": 4879.22,
    "vram_peak_gb": 12.92,
    "bleu": 0.0,
    "Target Metric (BLEU)": 0.0,
    "bleu_score": 0.0,
    "overall_corpus_bleu": 0.0,
    "meteor": 0.0,
    "mean_meteor": 0.0
}