{
    "experiment": "TUNE_WORD_COARSE_1",
    "rnn_type": "RNN",
    "bidirectional": true,
    "epochs": 10,
    "lr": 0.001,
    "dropout": 0.4,
    "emb_dim": 256,
    "hidden_dim": 512,
    "batch_size": 256,
    "grad_accum_steps": 2,
    "clip": 1.0,
    "tf_ratio": 0.5,
    "attention_type": "none",
    "token_type": "word",
    "embedding_source": "scratch",
    "freeze_emb": false,
    "src_lang": "en",
    "trg_lang": "de",
    "resume": true,
    "precision": "auto",
    "train_time": "402.4",
    "best_val_loss": 6.780975341796875,
    "val_loss": 6.780975341796875,
    "epochs_trained": 3,
    "loss_history": {
        "train": [
            6.636410236358643,
            5.949209690093994,
            5.643065452575684,
            5.507350444793701
        ],
        "val": [
            6.885080814361572,
            6.805972576141357,
            6.780975341796875,
            6.87958288192749
        ]
    },
    "hardware_precision": "bf16",
    "gpu_name": "NVIDIA GeForce RTX 3090",
    "vram_model_mb": 315.7,
    "vram_gradients_mb": 315.7,
    "vram_optimizer_mb": 160.39,
    "vram_activations_mb": 12324.71,
    "vram_allocated_mb": 3888.8,
    "vram_reserved_mb": 23608.0,
    "vram_peak_mb": 13116.49,
    "vram_peak_gb": 23.055
}