{
    "experiment": "TUNE_WORD_FINE_5",
    "rnn_type": "LSTM",
    "bidirectional": false,
    "epochs": 6,
    "patience": 3,
    "min_delta": 0.0001,
    "lr": 0.001,
    "warmup_epochs": 1,
    "weight_decay": 0.0001,
    "dropout": 0.4,
    "emb_dim": 256,
    "hidden_dim": 256,
    "batch_size": 128,
    "grad_accum_steps": 4,
    "clip": 1.0,
    "tf_start": 1.0,
    "tf_end": 0.7,
    "tf_decay_mode": "linear",
    "attention_type": "none",
    "token_type": "word",
    "embedding_source": "word2vec",
    "freeze_emb": true,
    "src_lang": "en",
    "trg_lang": "de",
    "resume": true,
    "precision": "auto",
    "train_time": 86.8,
    "best_val_loss": 6.8126115798950195,
    "val_loss": 6.8126115798950195,
    "epochs_trained": 1,
    "loss_history": {
        "train": [
            7.396085262298584,
            6.474842548370361,
            5.803156852722168,
            5.440024375915527
        ],
        "val": [
            6.8126115798950195,
            7.310947418212891,
            7.522135257720947,
            7.583379745483398
        ],
        "lr": [
            0.0002,
            0.001,
            0.000905463412215599,
            0.000657963412215599
        ],
        "tf_ratio": [
            1.0,
            0.94,
            0.88,
            0.82
        ]
    },
    "hardware_precision": "bf16",
    "gpu_name": "NVIDIA GeForce RTX 4090",
    "vram_model_mb": 243.33,
    "vram_gradients_mb": 96.9,
    "vram_optimizer_mb": 193.8,
    "vram_activations_mb": 7485.79,
    "vram_allocated_mb": 2594.96,
    "vram_reserved_mb": 13818.0,
    "vram_peak_mb": 8019.82,
    "vram_peak_gb": 13.494
}