{
    "experiment": "TUNE_WORD_FINE_8",
    "rnn_type": "LSTM",
    "bidirectional": false,
    "epochs": 6,
    "patience": 3,
    "min_delta": 0.0001,
    "lr": 0.0005,
    "warmup_epochs": 1,
    "weight_decay": 0.0001,
    "dropout": 0.3,
    "emb_dim": 256,
    "hidden_dim": 512,
    "batch_size": 128,
    "grad_accum_steps": 4,
    "clip": 1.0,
    "tf_start": 1.0,
    "tf_end": 0.7,
    "tf_decay_mode": "linear",
    "attention_type": "none",
    "token_type": "word",
    "embedding_source": "word2vec",
    "freeze_emb": true,
    "src_lang": "en",
    "trg_lang": "de",
    "resume": true,
    "precision": "auto",
    "train_time": 93.1,
    "best_val_loss": 6.819868087768555,
    "val_loss": 6.819868087768555,
    "epochs_trained": 1,
    "loss_history": {
        "train": [
            7.378116607666016,
            6.417517185211182,
            5.7538557052612305,
            5.4257683753967285
        ],
        "val": [
            6.819868087768555,
            7.491690158843994,
            7.583106517791748,
            7.625154495239258
        ],
        "lr": [
            0.0001,
            0.0005,
            0.00045320916362186214,
            0.00033070916362186215
        ],
        "tf_ratio": [
            1.0,
            0.94,
            0.88,
            0.82
        ]
    },
    "hardware_precision": "bf16",
    "gpu_name": "NVIDIA GeForce RTX 4090",
    "vram_model_mb": 351.3,
    "vram_gradients_mb": 204.87,
    "vram_optimizer_mb": 409.74,
    "vram_activations_mb": 8084.24,
    "vram_allocated_mb": 3026.84,
    "vram_reserved_mb": 13690.0,
    "vram_peak_mb": 9050.15,
    "vram_peak_gb": 13.369
}