{
    "experiment": "WORD_B1",
    "rnn_type": "LSTM",
    "bidirectional": false,
    "epochs": 6,
    "patience": 3,
    "min_delta": 0.0001,
    "lr": 0.0001,
    "warmup_epochs": 1,
    "weight_decay": 0.0001,
    "dropout": 0.2,
    "emb_dim": 256,
    "hidden_dim": 512,
    "batch_size": 128,
    "grad_accum_steps": 4,
    "clip": 1.0,
    "tf_start": 1.0,
    "tf_end": 0.7,
    "tf_decay_mode": "linear",
    "attention_type": "none",
    "token_type": "word",
    "embedding_source": "scratch",
    "freeze_emb": false,
    "src_lang": "en",
    "trg_lang": "de",
    "resume": true,
    "precision": "auto",
    "train_time": 118.7,
    "best_val_loss": 6.818659782409668,
    "val_loss": 6.818659782409668,
    "epochs_trained": 2,
    "loss_history": {
        "train": [
            9.278801918029785,
            6.696361541748047,
            6.514980792999268,
            6.291508674621582,
            6.1536946296691895
        ],
        "val": [
            7.129667282104492,
            6.818659782409668,
            6.92977237701416,
            7.2010297775268555,
            7.116575241088867
        ],
        "lr": [
            2e-05,
            0.0001,
            9.140576474687264e-05,
            6.890576474687263e-05,
            4.1094235253127366e-05
        ],
        "tf_ratio": [
            1.0,
            0.94,
            0.88,
            0.82,
            0.76
        ]
    },
    "hardware_precision": "bf16",
    "gpu_name": "NVIDIA GeForce RTX 4090",
    "vram_model_mb": 329.23,
    "vram_gradients_mb": 329.23,
    "vram_optimizer_mb": 658.47,
    "vram_activations_mb": 4063.44,
    "vram_allocated_mb": 2458.97,
    "vram_reserved_mb": 14430.0,
    "vram_peak_mb": 5380.38,
    "vram_peak_gb": 14.092,
    "bleu": 0.0,
    "Target Metric (BLEU)": 0.0,
    "bleu_score": 0.0,
    "overall_corpus_bleu": 0.0,
    "meteor": 0.052,
    "mean_meteor": 0.052
}