{
    "experiment": "TUNE_WORD_COARSE_2",
    "rnn_type": "LSTM",
    "bidirectional": true,
    "epochs": 4,
    "patience": 3,
    "min_delta": 0.0001,
    "lr": 0.0003,
    "dropout": 0.3,
    "emb_dim": 128,
    "hidden_dim": 256,
    "batch_size": 128,
    "grad_accum_steps": 4,
    "clip": 1.0,
    "tf_ratio": 0.5,
    "attention_type": "none",
    "token_type": "word",
    "embedding_source": "scratch",
    "freeze_emb": false,
    "src_lang": "en",
    "trg_lang": "de",
    "resume": true,
    "precision": "auto",
    "train_time": "104.8",
    "best_val_loss": 6.862948417663574,
    "val_loss": 6.862948417663574,
    "epochs_trained": 1,
    "loss_history": {
        "train": [
            7.325990200042725,
            6.733927249908447,
            6.6972336769104,
            6.6802496910095215
        ],
        "val": [
            6.862948417663574,
            6.9236931800842285,
            7.015275001525879,
            7.102238178253174
        ]
    },
    "hardware_precision": "bf16",
    "gpu_name": "NVIDIA GeForce RTX 4090",
    "vram_model_mb": 164.31,
    "vram_gradients_mb": 164.31,
    "vram_optimizer_mb": 328.61,
    "vram_activations_mb": 6797.97,
    "vram_allocated_mb": 2590.75,
    "vram_reserved_mb": 12458.0,
    "vram_peak_mb": 7455.19,
    "vram_peak_gb": 12.166
}