{
    "experiment": "TUNE_WORD_FINE_2",
    "rnn_type": "LSTM",
    "bidirectional": false,
    "epochs": 6,
    "patience": 3,
    "min_delta": 0.0001,
    "lr": 0.0001,
    "warmup_epochs": 1,
    "weight_decay": 0.0001,
    "dropout": 0.3,
    "emb_dim": 128,
    "hidden_dim": 256,
    "batch_size": 128,
    "grad_accum_steps": 4,
    "clip": 1.0,
    "tf_start": 1.0,
    "tf_end": 0.7,
    "tf_decay_mode": "linear",
    "attention_type": "none",
    "token_type": "word",
    "embedding_source": "word2vec",
    "freeze_emb": true,
    "src_lang": "en",
    "trg_lang": "de",
    "resume": true,
    "precision": "auto",
    "train_time": 174.6,
    "best_val_loss": 6.823788642883301,
    "val_loss": 6.823788642883301,
    "epochs_trained": 2,
    "loss_history": {
        "train": [
            10.435724258422852,
            6.965374946594238,
            6.676070690155029,
            6.627374649047852,
            6.602407932281494
        ],
        "val": [
            8.618304252624512,
            6.823788642883301,
            6.82463264465332,
            6.82906436920166,
            6.829362392425537
        ],
        "lr": [
            2e-05,
            0.0001,
            9.140576474687264e-05,
            6.890576474687263e-05,
            4.1094235253127366e-05
        ],
        "tf_ratio": [
            1.0,
            0.94,
            0.88,
            0.82,
            0.76
        ]
    },
    "hardware_precision": "bf16",
    "gpu_name": "NVIDIA GeForce RTX 4090",
    "vram_model_mb": 242.04,
    "vram_gradients_mb": 95.61,
    "vram_optimizer_mb": 191.21,
    "vram_activations_mb": 4085.7,
    "vram_allocated_mb": 1666.39,
    "vram_reserved_mb": 13906.0,
    "vram_peak_mb": 4614.56,
    "vram_peak_gb": 13.58
}