{
    "experiment": "WORD_C3",
    "rnn_type": "LSTM",
    "bidirectional": false,
    "epochs": 6,
    "patience": 3,
    "min_delta": 0.0001,
    "lr": 0.0001,
    "warmup_epochs": 1,
    "weight_decay": 0.0001,
    "dropout": 0.2,
    "emb_dim": 300,
    "hidden_dim": 512,
    "batch_size": 128,
    "grad_accum_steps": 4,
    "clip": 1.0,
    "tf_start": 1.0,
    "tf_end": 0.7,
    "tf_decay_mode": "linear",
    "attention_type": "luong",
    "token_type": "word",
    "embedding_source": "word2vec",
    "freeze_emb": true,
    "src_lang": "en",
    "trg_lang": "de",
    "resume": true,
    "precision": "auto",
    "train_time": 202.9,
    "best_val_loss": 7.008419036865234,
    "val_loss": 7.008419036865234,
    "epochs_trained": 1,
    "loss_history": {
        "train": [
            9.094799995422363,
            7.261092662811279,
            8.02989673614502,
            8.66462516784668
        ],
        "val": [
            7.008419036865234,
            7.872600078582764,
            8.748379707336426,
            9.386120796203613
        ],
        "lr": [
            2e-05,
            0.0001,
            9.140576474687264e-05,
            6.890576474687263e-05
        ],
        "tf_ratio": [
            1.0,
            0.94,
            0.88,
            0.82
        ]
    },
    "hardware_precision": "bf16",
    "gpu_name": "NVIDIA GeForce RTX 4090",
    "vram_model_mb": 532.27,
    "vram_gradients_mb": 385.85,
    "vram_optimizer_mb": 771.69,
    "vram_activations_mb": 4504.94,
    "vram_allocated_mb": 2831.84,
    "vram_reserved_mb": 14218.0,
    "vram_peak_mb": 6194.75,
    "vram_peak_gb": 13.885,
    "bleu": 0.0,
    "Target Metric (BLEU)": 0.0,
    "bleu_score": 0.0,
    "overall_corpus_bleu": 0.0,
    "meteor": 0.0262,
    "mean_meteor": 0.0262
}