{
    "experiment": "TUNE_WORD_COARSE_3",
    "rnn_type": "LSTM",
    "bidirectional": false,
    "epochs": 5,
    "patience": 3,
    "min_delta": 0.0001,
    "lr": 0.0001,
    "warmup_epochs": 1,
    "weight_decay": 0.0001,
    "dropout": 0.2,
    "emb_dim": 128,
    "hidden_dim": 512,
    "batch_size": 128,
    "grad_accum_steps": 4,
    "clip": 1.0,
    "tf_start": 1.0,
    "tf_end": 0.7,
    "tf_decay_mode": "linear",
    "attention_type": "none",
    "token_type": "word",
    "embedding_source": "scratch",
    "freeze_emb": false,
    "src_lang": "en",
    "trg_lang": "de",
    "resume": true,
    "precision": "auto",
    "train_time": 114.9,
    "best_val_loss": 6.824098587036133,
    "val_loss": 6.824098587036133,
    "epochs_trained": 2,
    "loss_history": {
        "train": [
            9.25150203704834,
            6.675082206726074,
            6.531823635101318,
            6.401149749755859,
            6.331274509429932
        ],
        "val": [
            7.061186790466309,
            6.824098587036133,
            6.872230529785156,
            6.936191558837891,
            6.947554111480713
        ],
        "lr": [
            2e-05,
            0.0001,
            8.681980515339464e-05,
            5.5e-05,
            2.3180194846605367e-05
        ],
        "tf_ratio": [
            1.0,
            0.925,
            0.85,
            0.7749999999999999,
            0.7
        ]
    },
    "hardware_precision": "bf16",
    "gpu_name": "NVIDIA GeForce RTX 4090",
    "vram_model_mb": 264.76,
    "vram_gradients_mb": 264.76,
    "vram_optimizer_mb": 529.52,
    "vram_activations_mb": 8491.95,
    "vram_allocated_mb": 3344.32,
    "vram_reserved_mb": 13674.0,
    "vram_peak_mb": 9550.98,
    "vram_peak_gb": 13.354
}