{
    "experiment": "TUNE_WORD_COARSE_4",
    "rnn_type": "LSTM",
    "bidirectional": false,
    "epochs": 5,
    "patience": 3,
    "min_delta": 0.0001,
    "lr": 0.0005,
    "warmup_epochs": 1,
    "weight_decay": 0.0001,
    "dropout": 0.3,
    "emb_dim": 128,
    "hidden_dim": 1024,
    "batch_size": 128,
    "grad_accum_steps": 4,
    "clip": 1.0,
    "tf_start": 1.0,
    "tf_end": 0.7,
    "tf_decay_mode": "linear",
    "attention_type": "none",
    "token_type": "word",
    "embedding_source": "scratch",
    "freeze_emb": false,
    "src_lang": "en",
    "trg_lang": "de",
    "resume": true,
    "precision": "auto",
    "train_time": 74.9,
    "best_val_loss": 6.865625858306885,
    "val_loss": 6.865625858306885,
    "epochs_trained": 1,
    "loss_history": {
        "train": [
            7.075802326202393,
            6.032474040985107,
            5.275874137878418,
            4.936357498168945
        ],
        "val": [
            6.865625858306885,
            7.658149719238281,
            7.786360740661621,
            7.70918083190918
        ],
        "lr": [
            0.0001,
            0.0005,
            0.0004282411613907041,
            0.000255
        ],
        "tf_ratio": [
            1.0,
            0.925,
            0.85,
            0.7749999999999999
        ]
    },
    "hardware_precision": "bf16",
    "gpu_name": "NVIDIA GeForce RTX 4090",
    "vram_model_mb": 514.7,
    "vram_gradients_mb": 514.7,
    "vram_optimizer_mb": 1029.39,
    "vram_activations_mb": 4065.05,
    "vram_allocated_mb": 3156.83,
    "vram_reserved_mb": 14566.0,
    "vram_peak_mb": 6123.83,
    "vram_peak_gb": 14.225
}