{
    "experiment": "TUNE_WORD_COARSE_1",
    "rnn_type": "LSTM",
    "bidirectional": false,
    "epochs": 5,
    "patience": 3,
    "min_delta": 0.0001,
    "lr": 0.0005,
    "warmup_epochs": 1,
    "weight_decay": 0.0001,
    "dropout": 0.2,
    "emb_dim": 256,
    "hidden_dim": 1024,
    "batch_size": 128,
    "grad_accum_steps": 4,
    "clip": 1.0,
    "tf_start": 1.0,
    "tf_end": 0.7,
    "tf_decay_mode": "linear",
    "attention_type": "none",
    "token_type": "word",
    "embedding_source": "scratch",
    "freeze_emb": false,
    "src_lang": "en",
    "trg_lang": "de",
    "resume": true,
    "precision": "auto",
    "train_time": 76.5,
    "best_val_loss": 6.90279483795166,
    "val_loss": 6.90279483795166,
    "epochs_trained": 1,
    "loss_history": {
        "train": [
            7.0334153175354,
            5.870416641235352,
            5.089959621429443,
            4.7311601638793945
        ],
        "val": [
            6.90279483795166,
            7.647517204284668,
            7.692837238311768,
            7.6009039878845215
        ],
        "lr": [
            0.0001,
            0.0005,
            0.0004282411613907041,
            0.000255
        ],
        "tf_ratio": [
            1.0,
            0.925,
            0.85,
            0.7749999999999999
        ]
    },
    "hardware_precision": "bf16",
    "gpu_name": "NVIDIA GeForce RTX 4090",
    "vram_model_mb": 581.17,
    "vram_gradients_mb": 581.17,
    "vram_optimizer_mb": 1162.34,
    "vram_activations_mb": 4068.51,
    "vram_allocated_mb": 3422.74,
    "vram_reserved_mb": 14968.0,
    "vram_peak_mb": 6393.19,
    "vram_peak_gb": 14.617
}