{
    "experiment": "TUNE_WORD_COARSE_2",
    "rnn_type": "LSTM",
    "bidirectional": false,
    "epochs": 5,
    "patience": 3,
    "min_delta": 0.0001,
    "lr": 0.0001,
    "warmup_epochs": 1,
    "weight_decay": 0.0001,
    "dropout": 0.3,
    "emb_dim": 128,
    "hidden_dim": 256,
    "batch_size": 128,
    "grad_accum_steps": 4,
    "clip": 1.0,
    "tf_start": 1.0,
    "tf_end": 0.7,
    "tf_decay_mode": "linear",
    "attention_type": "none",
    "token_type": "word",
    "embedding_source": "scratch",
    "freeze_emb": false,
    "src_lang": "en",
    "trg_lang": "de",
    "resume": true,
    "precision": "auto",
    "train_time": 163.8,
    "best_val_loss": 6.826233386993408,
    "val_loss": 6.826233386993408,
    "epochs_trained": 3,
    "loss_history": {
        "train": [
            10.560885429382324,
            6.959795951843262,
            6.687438488006592,
            6.636948585510254,
            6.606962203979492
        ],
        "val": [
            8.635627746582031,
            6.83483362197876,
            6.826233386993408,
            6.831865310668945,
            6.835544109344482
        ],
        "lr": [
            2e-05,
            0.0001,
            8.681980515339464e-05,
            5.5e-05,
            2.3180194846605367e-05
        ],
        "tf_ratio": [
            1.0,
            0.925,
            0.85,
            0.7749999999999999,
            0.7
        ]
    },
    "hardware_precision": "bf16",
    "gpu_name": "NVIDIA GeForce RTX 4090",
    "vram_model_mb": 157.79,
    "vram_gradients_mb": 157.79,
    "vram_optimizer_mb": 315.58,
    "vram_activations_mb": 8115.78,
    "vram_allocated_mb": 2916.45,
    "vram_reserved_mb": 13148.0,
    "vram_peak_mb": 8746.94,
    "vram_peak_gb": 12.84
}